<?xml version="1.0" encoding="UTF-8" standalone="yes"?><response><header><resultCode>00</resultCode><resultMsg>NORMAL SERVICE.</resultMsg></header><body><items><item><dutyAddr>서울특별시 동대문구 고산자로 410, 1층 (용두동)</dutyAddr><dutyMapimg>용두역 3번출구 200m</dutyMapimg><dutyName>마장백화점약국</dutyName><dutyTel1>02-962-1161</dutyTel1><dutyTime1c>2330</dutyTime1c><dutyTime1s>0640</dutyTime1s><dutyTime2c>2330</dutyTime2c><dutyTime2s>0640</dutyTime2s><dutyTime3c>2330</dutyTime3c><dutyTime3s>0640</dutyTime3s><dutyTime4c>2330</dutyTime4c><dutyTime4s>0640</dutyTime4s><dutyTime5c>2330</dutyTime5c><dutyTime5s>0640</dutyTime5s><dutyTime6c>2330</dutyTime6c><dutyTime6s>0640</dutyTime6s><dutyTime7c>2300</dutyTime7c><dutyTime7s>0800</dutyTime7s><dutyTime8c>2300</dutyTime8c><dutyTime8s>0800</dutyTime8s><hpid>C1101582</hpid><postCdn1>025</postCdn1><postCdn2>60 </postCdn2><wgs84Lat>37.576294444444443</wgs84Lat><wgs84Lon>127.038525000000007</wgs84Lon></item><item><dutyAddr>서울특별시 동대문구 천호대로83길 39, (장안동)</dutyAddr><dutyName>맑은샘약국</dutyName><dutyTel1>02-422-5060</dutyTel1><dutyTime1c>2200</dutyTime1c><dutyTime1s>0900</dutyTime1s><dutyTime2c>2200</dutyTime2c><dutyTime2s>0900</dutyTime2s><dutyTime3c>2200</dutyTime3c><dutyTime3s>0900</dutyTime3s><dutyTime4c>2200</dutyTime4c><dutyTime4s>0900</dutyTime4s><dutyTime5c>2200</dutyTime5c><dutyTime5s>0900</dutyTime5s><dutyTime6c>2100</dutyTime6c><dutyTime6s>0900</dutyTime6s><hpid>C1104655</hpid><postCdn1>026</postCdn1><postCdn2>36 </postCdn2><wgs84Lat>37.56371123587828</wgs84Lat><wgs84Lon>127.06468995928912</wgs84Lon></item><item><dutyAddr>서울특별시 동대문구 회기로 173, 1층 (회기동)</dutyAddr><dutyName>메디약국</dutyName><dutyTel1>02-957-3393</dutyTel1><dutyTime1c>2100</dutyTime1c><dutyTime1s>0900</dutyTime1s><dutyTime2c>2100</dutyTime2c><dutyTime2s>0900</dutyTime2s><dutyTime3c>2100</dutyTime3c><dutyTime3s>0900</dutyTime3s><dutyTime4c>2100</dutyTime4c><dutyTime4s>0900</dutyTime4s><dutyTime5c>2100</dutyTime5c><dutyTime5s>0900</dutyTime5s><dutyTime6c>1300</dutyTime6c><dutyTime6s>0900</dutyTime6s><hpid>C1101842</hpid><postCdn1>024</postCdn1><postCdn2>52 </postCdn2><wgs84Lat>37.59048945369766</wgs84Lat><wgs84Lon>127.05539490195063</wgs84Lon></item><item><dutyAddr>서울특별시 동대문구 망우로 123, 1층 (휘경동)</dutyAddr><dutyName>메디칼갑산약국</dutyName><dutyTel1>02-2217-5060</dutyTel1><dutyTime1c>2100</dutyTime1c><dutyTime1s>0900</dutyTime1s><dutyTime2c>2100</dutyTime2c><dutyTime2s>0900</dutyTime2s><dutyTime3c>2100</dutyTime3c><dutyTime3s>0900</dutyTime3s><dutyTime4c>2100</dutyTime4c><dutyTime4s>0900</dutyTime4s><dutyTime5c>2100</dutyTime5c><dutyTime5s>0900</dutyTime5s><dutyTime6c>2000</dutyTime6c><dutyTime6s>0900</dutyTime6s><hpid>C1107073</hpid><postCdn1>024</postCdn1><postCdn2>36 </postCdn2><wgs84Lat>37.591712621492064</wgs84Lat><wgs84Lon>127.0665963248667</wgs84Lon></item><item><dutyAddr>서울특별시 동대문구 휘경로 43 1층</dutyAddr><dutyName>메디컬우리약국</dutyName><dutyTel1>02-967-1468</dutyTel1><dutyTime1c>1200</dutyTime1c><dutyTime1s>0900</dutyTime1s><hpid>C1107319</hpid><postCdn1>024</postCdn1><postCdn2>28 </postCdn2><wgs84Lat>37.59473015852669</wgs84Lat><wgs84Lon>127.06476917178754</wgs84Lon></item><item><dutyAddr>서울특별시 동대문구 한천로 55, (답십리동)</dutyAddr><dutyMapimg>답십리2동새마을금고옆(구장안시장앞)</dutyMapimg><dutyName>메디팜동아약국</dutyName><dutyTel1>02-2243-6837</dutyTel1><dutyTime1c>2000</dutyTime1c><dutyTime1s>0900</dutyTime1s><dutyTime2c>2000</dutyTime2c><dutyTime2s>0900</dutyTime2s><dutyTime3c>2000</dutyTime3c><dutyTime3s>0900</dutyTime3s><dutyTime4c>2000</dutyTime4c><dutyTime4s>0900</dutyTime4s><dutyTime5c>2000</dutyTime5c><dutyTime5s>0900</dutyTime5s><dutyTime6c>1530</dutyTime6c><dutyTime6s>0900</dutyTime6s><hpid>C1103795</hpid><postCdn1>026</postCdn1><postCdn2>17 </postCdn2><wgs84Lat>37.56683336421688</wgs84Lat><wgs84Lon>127.06182924152188</wgs84Lon></item><item><dutyAddr>서울특별시 동대문구 망우로18길 6, 1층 (휘경동)</dutyAddr><dutyName>메디팜사랑약국</dutyName><dutyTel1>02-2213-5005</dutyTel1><dutyTime1c>1800</dutyTime1c><dutyTime1s>0900</dutyTime1s><dutyTime2c>1800</dutyTime2c><dutyTime2s>0900</dutyTime2s><dutyTime3c>1800</dutyTime3c><dutyTime3s>0900</dutyTime3s><dutyTime4c>1800</dutyTime4c><dutyTime4s>0900</dutyTime4s><dutyTime5c>1800</dutyTime5c><dutyTime5s>0900</dutyTime5s><dutyTime7c>1800</dutyTime7c><dutyTime7s>0900</dutyTime7s><hpid>C1104177</hpid><postCdn1>024</postCdn1><postCdn2>99 </postCdn2><wgs84Lat>37.589329814570455</wgs84Lat><wgs84Lon>127.06200712763919</wgs84Lon></item><item><dutyAddr>서울특별시 동대문구 사가정로 225, 1층 (장안동)</dutyAddr><dutyName>명문온누리약국</dutyName><dutyTel1>02-2212-8881</dutyTel1><dutyTime1c>2100</dutyTime1c><dutyTime1s>0900</dutyTime1s><dutyTime2c>2100</dutyTime2c><dutyTime2s>0900</dutyTime2s><dutyTime3c>2100</dutyTime3c><dutyTime3s>0900</dutyTime3s><dutyTime4c>2100</dutyTime4c><dutyTime4s>0900</dutyTime4s><dutyTime5c>2100</dutyTime5c><dutyTime5s>0900</dutyTime5s><dutyTime6c>2100</dutyTime6c><dutyTime6s>0900</dutyTime6s><hpid>C1100069</hpid><postCdn1>025</postCdn1><postCdn2>18 </postCdn2><wgs84Lat>37.57894171115633</wgs84Lat><wgs84Lon>127.0701170660009</wgs84Lon></item><item><dutyAddr>서울특별시 동대문구 망우로18나길 3, (휘경동)</dutyAddr><dutyName>명약국</dutyName><dutyTel1>02-2246-7471</dutyTel1><dutyTime1c>2000</dutyTime1c><dutyTime1s>0900</dutyTime1s><dutyTime2c>2000</dutyTime2c><dutyTime2s>0900</dutyTime2s><dutyTime3c>2000</dutyTime3c><dutyTime3s>0900</dutyTime3s><dutyTime4c>2000</dutyTime4c><dutyTime4s>0900</dutyTime4s><dutyTime5c>2000</dutyTime5c><dutyTime5s>0900</dutyTime5s><dutyTime6c>1900</dutyTime6c><dutyTime6s>1000</dutyTime6s><hpid>C1101859</hpid><postCdn1>024</postCdn1><postCdn2>98 </postCdn2><wgs84Lat>37.58854141195796</wgs84Lat><wgs84Lon>127.05930193112027</wgs84Lon></item><item><dutyAddr>서울특별시 동대문구 전농로 128, 1층 (전농동)</dutyAddr><dutyMapimg>전농동로타리김현우내과건물1층</dutyMapimg><dutyName>미소약국</dutyName><dutyTel1>02-2217-4365</dutyTel1><dutyTime1c>1900</dutyTime1c><dutyTime1s>0830</dutyTime1s><dutyTime2c>1900</dutyTime2c><dutyTime2s>0830</dutyTime2s><dutyTime3c>1900</dutyTime3c><dutyTime3s>0830</dutyTime3s><dutyTime4c>1900</dutyTime4c><dutyTime4s>0830</dutyTime4s><dutyTime5c>1900</dutyTime5c><dutyTime5s>0830</dutyTime5s><dutyTime6c>1500</dutyTime6c><dutyTime6s>0830</dutyTime6s><hpid>C1104571</hpid><postCdn1>025</postCdn1><postCdn2>31 </postCdn2><wgs84Lat>37.576180555555553</wgs84Lat><wgs84Lon>127.057708333333338</wgs84Lon></item></items><numOfRows>10</numOfRows><pageNo>1</pageNo><totalCount>22568</totalCount></body></response>